{"Version":1,"ManifestType":"Build","Endpoints":[{"Route":"css/binance-like.8si284f6vd.css","AssetFile":"css/binance-like.css","Selectors":[],"ResponseHeaders":[{"Name":"Accept-Ranges","Value":"bytes"},{"Name":"Cache-Control","Value":"max-age=31536000, immutable"},{"Name":"Content-Length","Value":"9555"},{"Name":"Content-Type","Value":"text/css"},{"Name":"ETag","Value":"\"aCxcDvOI/ovgTQVwz7Do0JVckGW9XQVhwNzsnBzOns0=\""},{"Name":"Last-Modified","Value":"Sat, 25 Oct 2025 23:53:39 GMT"}],"EndpointProperties":[{"Name":"fingerprint","Value":"8si284f6vd"},{"Name":"integrity","Value":"sha256-aCxcDvOI/ovgTQVwz7Do0JVckGW9XQVhwNzsnBzOns0="},{"Name":"label","Value":"css/binance-like.css"}]},{"Route":"css/binance-like.css","AssetFile":"css/binance-like.css","Selectors":[],"ResponseHeaders":[{"Name":"Accept-Ranges","Value":"bytes"},{"Name":"Cache-Control","Value":"no-cache"},{"Name":"Content-Length","Value":"9555"},{"Name":"Content-Type","Value":"text/css"},{"Name":"ETag","Value":"\"aCxcDvOI/ovgTQVwz7Do0JVckGW9XQVhwNzsnBzOns0=\""},{"Name":"Last-Modified","Value":"Sat, 25 Oct 2025 23:53:39 GMT"}],"EndpointProperties":[{"Name":"integrity","Value":"sha256-aCxcDvOI/ovgTQVwz7Do0JVckGW9XQVhwNzsnBzOns0="}]},{"Route":"js/trade-page.j7px5ahg34.js","AssetFile":"js/trade-page.js","Selectors":[],"ResponseHeaders":[{"Name":"Accept-Ranges","Value":"bytes"},{"Name":"Cache-Control","Value":"max-age=31536000, immutable"},{"Name":"Content-Length","Value":"23135"},{"Name":"Content-Type","Value":"text/javascript"},{"Name":"ETag","Value":"\"IWWG04IiEee9Sm/SKE+qQUbyw7Kh+GYN6F+28yEW9vA=\""},{"Name":"Last-Modified","Value":"Sat, 25 Oct 2025 23:41:08 GMT"}],"EndpointProperties":[{"Name":"fingerprint","Value":"j7px5ahg34"},{"Name":"integrity","Value":"sha256-IWWG04IiEee9Sm/SKE+qQUbyw7Kh+GYN6F+28yEW9vA="},{"Name":"label","Value":"js/trade-page.js"}]},{"Route":"js/trade-page.js","AssetFile":"js/trade-page.js","Selectors":[],"ResponseHeaders":[{"Name":"Accept-Ranges","Value":"bytes"},{"Name":"Cache-Control","Value":"no-cache"},{"Name":"Content-Length","Value":"23135"},{"Name":"Content-Type","Value":"text/javascript"},{"Name":"ETag","Value":"\"IWWG04IiEee9Sm/SKE+qQUbyw7Kh+GYN6F+28yEW9vA=\""},{"Name":"Last-Modified","Value":"Sat, 25 Oct 2025 23:41:08 GMT"}],"EndpointProperties":[{"Name":"integrity","Value":"sha256-IWWG04IiEee9Sm/SKE+qQUbyw7Kh+GYN6F+28yEW9vA="}]}]}